player4,player4,player4,player4,player4,player4,player4,player4,player4,player4,player4,player4,player4,player4,player4,player4,player4,player4,player4,player4
player4,player4,player4,player4,player4,player4,player4,player4,player4,player4,player4,player4,player4,player4,player4,player4,player4,player4,player4,player4
player4,player4,player4,player4,player4,player4,player4,player4,player4,player4,player4,player4,player4,player4,player4,player4,player4,player4,player4,player4
player4,player4,player4,player4,player4,player4,player4,player4,player4,player4,player4,player4,player4,player4,player4,player4,player4,player4,player4,player4
player4,player4,player4,player4,player4,player4,player4,player4,player4,player4,player4,player4,player4,player4,player4,player4,player4,player4,player4,player4
player4,player4,player4,player4,player4,player4,player4,player4,player4,player4,player4,player4,player4,player4,player4,player4,player4,player4,player4,player4
player4,player4,player4,player4,player4,player4,player4,player4,player4,player4,player4,player4,player4,player4,player4,player4,player4,player4,player4,player4
player4,player4,player4,player4,player4,player4,player4,player4,player4,player4,player4,player4,player4,player4,player4,player4,player4,player4,player4,player4
player4,player4,player4,player4,player4,player4,player4,player4,player4,player4,player4,player4,player4,player4,player4,player4,player4,player4,player4,player4
player4,player4,player4,player4,player4,player4,player4,player4,player4,player4,player4,player4,player4,player4,player4,player4,player4,player4,player4,player4
player4,player4,player4,player4,player4,player4,player4,player4,player4,player4,player4,player4,player4,player4,player4,player4,player4,player4,player4,player4
player4,player4,player4,player4,player4,player4,grass2,grass2,player4,player4,player4,player4,player4,player4,player4,player4,player4,player4,player4,player4
player4,player4,player4,player4,player4,player4,grass2,grass2,player4,player4,player4,player4,player4,player4,player4,player4,player4,player4,player4,player4
player4,player4,player4,player4,player4,player4,player4,player4,player4,player4,player4,player4,player4,player4,player4,player4,player4,player4,player4,player4
player4,player4,player4,player4,player4,player4,player4,player4,player4,player4,player4,player4,player4,player4,player4,player4,player4,player4,player4,player4
